# The bin size whose type is code occupies more space in flash,,,,,
# The occupied space is: bin size*34/32(and 68K aligned),,,,,
# s_app represents B partition,,,,,
#Name,Offset,Size,Type,Read,Write
primary_bootloader,,68k,code,TRUE,FALSE
primary_cpu0_app,,1360k,code,TRUE,TRUE
primary_cpu1_app,,952k,code,TRUE,TRUE
s_app,,2312k,data,TRUE,TRUE
usr_config,,64K,data,TRUE,TRUE
easyflash,,8K,data,TRUE,TRUE
ota_fina_executive,,4K,data,TRUE,TRUE
sys_rf,0x7fe000,4k,data,TRUE,TRUE
sys_net,0x7ff000,4k,data,TRUE,TRUE
